<?xml version="1.0" encoding="UTF-8"?>
<project-private xmlns="http://www.netbeans.org/ns/project-private/1">
    <editor-bookmarks xmlns="http://www.netbeans.org/ns/editor-bookmarks/2" lastBookmarkId="0"/>
    <open-files xmlns="http://www.netbeans.org/ns/projectui-open-files/2">
        <group>
            <file>file:/C:/Users/Hanga/Desktop/work/Egyetem/elte-ik-bsc-main/3/progtech/Beadandó/03.%20Tron/projekt/src/main/java/view/GameView.java</file>
            <file>file:/C:/Users/Hanga/Desktop/work/Egyetem/elte-ik-bsc-main/3/progtech/Beadandó/03.%20Tron/projekt/src/main/java/model/GameModel.java</file>
            <file>file:/C:/Users/Hanga/Desktop/work/Egyetem/elte-ik-bsc-main/3/progtech/Beadandó/03.%20Tron/projekt/src/main/java/view/GameMenu.java</file>
            <file>file:/C:/Users/Hanga/Desktop/work/Egyetem/elte-ik-bsc-main/3/progtech/Beadandó/03.%20Tron/projekt/src/main/Game.java</file>
            <file>file:/C:/Users/Hanga/Desktop/work/Egyetem/elte-ik-bsc-main/3/progtech/Beadandó/03.%20Tron/projekt/src/main/java/view/MainMenu.java</file>
            <file>file:/C:/Users/Hanga/Desktop/work/Egyetem/elte-ik-bsc-main/3/progtech/Beadandó/03.%20Tron/projekt/src/main/java/view/PlayerCustomizationPanel.java</file>
            <file>file:/C:/Users/Hanga/Desktop/work/Egyetem/elte-ik-bsc-main/3/progtech/Beadandó/03.%20Tron/projekt/src/main/java/database/HighScores.java</file>
        </group>
    </open-files>
</project-private>
